treatment,abs.mean.diff(N),abs.lcl.diff(N),abs.ucl.diff(N),prop.mean.diff(%),prop.lcl.diff(%),prop.ucl.diff(%)
BSL,0.0740885819736998,0.0186524002313476,0.139402442615331,,,
none,0.193577837701094,0.0638229496564026,0.381115773220495,,,
BSL_difference,-0.119489255727394,-0.316782050697688,0.0296460683195251,-61.7267230311247,-163.64582560677,15.3148049754032
